name,email,password
tlaidlaw0,abanke0@blinklist.com,Cb38VaiN
gbraben1,rdowd1@sciencedirect.com,0SoeBV4GBlY
bchansonnau2,gbarlee2@nih.gov,DtoGIrY21Tq
psiddon3,sbartolacci3@stumbleupon.com,lsGM14
nredihough4,abolles4@ted.com,orh4gxG9lG
tjacob5,timpey5@artisteer.com,zbuu7USm
evanweedenburg6,vbeevors6@comsenz.com,3B5yTi5qn
wsantore7,fpehrsson7@stanford.edu,m9EZV9MbI3DH
rmacfadin8,heastwood8@forbes.com,s49ssPXDbs
tdumphry9,maubrey9@biglobe.ne.jp,vIwAknlmms
ayerburya,lmicheua@walmart.com,rBYnySU
rpaskerfulb,jathoweb@topsy.com,gPLD5xJRZNM
lstonesc,briccac@admin.ch,vqqqs3D6
vcaild,meptond@reference.com,l9vizk
cdasente,dmudgee@guardian.co.uk,5EDvSlAqap
ghickfordf,cklimkef@cocolog-nifty.com,7OBM10EPog
fdrysdallg,fhuckg@moonfruit.com,Ojbe2VTJt37
pberryh,ehorderh@webeden.co.uk,vfc9wROL
ppennicardi,aepslyi@multiply.com,fiOaQEtX
bsherelj,coneillj@timesonline.co.uk,iC6TEo4L
rlanchberryk,jmessomk@discovery.com,plTrMD
sboxerl,sbriantl@tripod.com,aoBWxUDx
jjanssonm,jyokelm@narod.ru,EavvfA9
jfardyn,ckenzien@biblegateway.com,YKAzxdN
jbeisleyo,gbutrimovicho@google.pl,DsrdJx65w
ccreaneyp,hwallp@unblog.fr,cbtbJZ
jstirrupq,prolandq@elegantthemes.com,laIvrA
slowsonr,sgurtonr@multiply.com,UDybm7NE
wheritys,amacdunlevys@hc360.com,PeyIaN
cnethercottt,gshepleyt@apple.com,BuiZITvwnqhL
hlaurandu,rbethamu@soundcloud.com,qyCT7k
cchimentiv,mvartyv@tripod.com,Nwq2ygZoSN0j
ccahnw,rmartew@springer.com,LRDqGrVozLQ
mromerilx,hlabordex@zdnet.com,PpF5hk7uE
ffieldeny,fsouttary@google.pl,cBS8CbK
nfiskz,vwinscomz@yellowbook.com,fVP5Qc
ccobb10,fhayley10@twitter.com,cz5R5V2v
mmiddle11,dfossey11@google.com,J1OMsY
wsancroft12,kfishburn12@abc.net.au,dMiWRrYyHv
bcornner13,ddenisyuk13@sogou.com,sCo8ATSG
dguichard14,edrance14@ucla.edu,Zu2Nz8UpWo
eroyle15,aismail15@github.io,xoZDqTYsNMg
rluckcock16,cbarti16@businessweek.com,0FnuCpRzr094
shatliffe17,tbullier17@opensource.org,lRcEBu
tkensy18,jhiddy18@so-net.ne.jp,QpFs9EiYs2
garchbould19,pepiscopi19@google.fr,oGVUu73
kreisenstein1a,rjakubczyk1a@prweb.com,hKaFOfcDX
fgrewe1b,sinston1b@patch.com,2vCTFtB
lknappen1c,mlabb1c@canalblog.com,X3O9IFKoiYd
bmacleese1d,amclarty1d@facebook.com,PPGKKn4E
ksnelgrove1e,ihadcock1e@buzzfeed.com,ns6MOsG6
amacalaster1f,dmoughton1f@guardian.co.uk,QOqYnRIrW1m
amushett1g,lpurchall1g@dell.com,UPzMtOQOa0
ivahl1h,pdunkley1h@imageshack.us,KrAOOMZj8d
squilter1i,kgrzegorek1i@privacy.gov.au,YY9I8BoKDFgY
kdugo1j,rblew1j@dailymotion.com,aElop90q1tw0
scalderhead1k,alis1k@si.edu,t5nINbMP
smcmonies1l,kcallander1l@biglobe.ne.jp,h0IYGjrr4J
dkarpychev1m,hfaucherand1m@samsung.com,fLBuMvFWH
bsomerville1n,lmcwilliams1n@wikipedia.org,Cs1SINh
wkas1o,krummings1o@vistaprint.com,m7c0wc
emacandie1p,rkarpushkin1p@engadget.com,97d7DNiyWTh
oparlet1q,dbrauner1q@merriam-webster.com,n8EhmkRDVFK
ddupoy1r,gdemeyer1r@boston.com,KnTAH9l
pfaulkener1s,pzoellner1s@imgur.com,WiJfoVGylwJ
afilde1t,bsanthouse1t@blog.com,Y2fDt99UAzp
tsetterfield1u,lvela1u@intel.com,QxBjhUhCd
kbolwell1v,gbeamish1v@mozilla.org,zStpXNgtHmyW
sbaudouin1w,cgosalvez1w@amazon.de,NWqE6InRE
dmacillrick1x,mslight1x@naver.com,A7Aazm
oprestner1y,kcloy1y@homestead.com,4AK1mhHbkWD
tdefreitas1z,jnelthropp1z@google.nl,RyW6D3
abarthelme20,bscarse20@wordpress.com,ayqpxgDswR
aflips21,grembaud21@microsoft.com,aJurLZj5tH
ehorning22,mhall22@netscape.com,IVb4nvfGCN
gcausnett23,bhaddock23@lycos.com,nXKnJMp
hrosen24,gmacgregor24@seattletimes.com,cwbkj9lor30W
jdukesbury25,kcanape25@psu.edu,OEUfVdJZj
pmorilla26,wdruhan26@surveymonkey.com,anrlXqDjBq
jdanielsson27,jdella27@bbc.co.uk,hxVw2WMK4L
nbrunesco28,egreenhill28@meetup.com,kWG8WaavjV
coneile29,lshadrach29@timesonline.co.uk,GOV66UZE
mtrebble2a,ilettuce2a@archive.org,58our53vHn
jjoselevitch2b,mlankester2b@chron.com,KrJ8NDQwS5Fn
lsmitham2c,mcrocket2c@ow.ly,CgsC9Hbd
awigginton2d,gcasier2d@apache.org,jCjyL8y
truos2e,dtrigwell2e@si.edu,iBXWAMJ0
jmcilwraith2f,mruzicka2f@gov.uk,wdVsBaxSI09r
jdoige2g,ccouthard2g@biglobe.ne.jp,ywVcfbWZ
iclemencet2h,cflexman2h@prnewswire.com,i61PhmnO
jhaffner2i,atissier2i@example.com,ho37gi
psloat2j,amaidment2j@theglobeandmail.com,q92uUQcGc
lgilfoy2k,dpoleykett2k@liveinternet.ru,B2oCmdTwS
kgrange2l,kmidgley2l@4shared.com,iRpo68FVr
bhaglington2m,ejosephson2m@hugedomains.com,IxsjGDQn0
rrevel2n,dcotterill2n@jalbum.net,EZqGALfmAt6A
smacia2o,jaskin2o@bbb.org,DtxOCAjbc
pgauford2p,cstallard2p@paypal.com,ndKRJVH
tcorbridge2q,fhenrichsen2q@furl.net,ZK4VsiUhDH
ddambrosi2r,tpride2r@a8.net,pqT3dLAO5uc
aravillas2s,rlanfare2s@aol.com,N6vra1Q4qq5
jclemon2t,clappine2t@google.pl,NrURbpSLILe
mprendergrass2u,gokie2u@umn.edu,tGSxVs
ngentiry2v,bbaroch2v@shutterfly.com,DCfJwTg4Nq
dphillput2w,rbushill2w@studiopress.com,oKGmvre
gbrodbin2x,nlupton2x@home.pl,C88iQSGCwKR
nwestmancoat2y,jgrunnell2y@wikia.com,fPaB7DC
uswabey2z,fnovis2z@discovery.com,HUWsFia
kreeme30,brichards30@odnoklassniki.ru,rBnEUrsQes3
pingon31,jhalshaw31@liveinternet.ru,Ydra9M
lpadwick32,csimonazzi32@yellowbook.com,DD1oqi7PSkg
kianni33,dcolton33@google.co.jp,k3w4g340xZ0h
rsteffens34,nmcpeake34@biglobe.ne.jp,dJE9FJyYezN4
wdionisio35,fdoyle35@cmu.edu,1boqIke6
brabson36,khairesnape36@wisc.edu,dFClIGxaTM
bdominick37,phuyghe37@squidoo.com,7K5lFFLJ
asoares38,mdoram38@last.fm,7Ol6U3QNT4Y
agerrelt39,vhenrionot39@twitpic.com,LkDbl5l
jducarel3a,eandrzejak3a@latimes.com,mU9JKB9AmKcA
raizikowitz3b,htickel3b@shareasale.com,ZZew4u7O
yubanks3c,awarland3c@cam.ac.uk,uS1lhpt
ljeanin3d,nbenfell3d@e-recht24.de,uUQ5fs6fIwtC
skupker3e,phain3e@dropbox.com,b1xiE9mn
vdugdale3f,coswell3f@163.com,w0vaSoXEnq6Y
dgosney3g,ebunch3g@weibo.com,bEOtH5sroW
skolakowski3h,mfetters3h@yale.edu,wb55jv2LCYk
icosta3i,kpeachment3i@devhub.com,xOEwPj
whuller3j,lmargaret3j@bloglines.com,cElA0lIk64s
pdaborn3k,hmowsdell3k@slideshare.net,xtasfUE
sknightly3l,jpountney3l@bing.com,EDKUrHCQT3al
abrandom3m,qpembery3m@prnewswire.com,OO0oH2TjTF4u
ysmall3n,mfiddymont3n@samsung.com,YBzVvtj3ejs
ncoy3o,btutchell3o@yandex.ru,KfdlM77
csofe3p,gmartonfi3p@independent.co.uk,DTLU97
arookwell3q,bmcilwrath3q@hhs.gov,Gwyaeh
eparres3r,epreshaw3r@squarespace.com,d1vFc7ukc59
lmerrien3s,dswendell3s@people.com.cn,2tiPsA
hmacdonagh3t,mkilgallon3t@newyorker.com,6NriOMUexsH
rlakeman3u,jmahaddy3u@senate.gov,AC3ZqiP
scrosscombe3v,ctoun3v@psu.edu,RmOeqT
msawer3w,hhockey3w@deliciousdays.com,V67pqtFhN62
cscarbarrow3x,mlammie3x@unblog.fr,D09xRmk
bsilverthorn3y,eseeborne3y@reverbnation.com,nSFqu0
rfriett3z,csussems3z@desdev.cn,qXP83EZdwUBT
afenna40,clink40@youtu.be,HyKgoEzuX
gtumini41,iasbrey41@virginia.edu,cA0t8cfka9
jansett42,eanear42@hud.gov,QJi77gMM
msilbermann43,aandor43@yolasite.com,8Z34UQeKLqFU
ableddon44,gflori44@stanford.edu,lC3lqwPKnY
dbriston45,sfurbank45@bandcamp.com,wA9dCN
jschroter46,csearjeant46@indiatimes.com,OxTM7B
kmoffat47,aivanshintsev47@senate.gov,zC11XjCYydB
lshingles48,adirkin48@opensource.org,9XoXsFCfc
dblackden49,yjedrych49@altervista.org,Qqjr42TO
atudhope4a,hqueste4a@webs.com,NweLAZiByJ
vflanagan4b,gtotterdill4b@huffingtonpost.com,HpCSpF
jmathivat4c,jteck4c@sakura.ne.jp,kgyCHn
alongwood4d,cmcalpine4d@exblog.jp,UDSNSK
aroback4e,ygooderridge4e@rakuten.co.jp,C5h2elsrFbQ
ccavey4f,tlegendre4f@163.com,yHvtox
jcrangle4g,sbeauman4g@examiner.com,aYD2cScuYK2
kpetrol4h,tsprake4h@mac.com,62I3YbjM
tconcklin4i,omaxwell4i@nydailynews.com,wLgSBnHBXbKW
bfrancesconi4j,bcraister4j@ox.ac.uk,3uQfA4VB2Mnw
uthoumasson4k,jcarroll4k@myspace.com,baR37XAA0Gj5
bcarek4l,kclarycott4l@cocolog-nifty.com,O5n35Xfs
edenormanville4m,ialf4m@paypal.com,82m1If
bmarshallsay4n,tkarpf4n@vistaprint.com,otqm6pgY
tdedomenico4o,nschimek4o@auda.org.au,czXHB8
adonat4p,dcorns4p@timesonline.co.uk,d0nvYbAhH
ebengough4q,adegoix4q@mapy.cz,o2zeyMZ
mjohns4r,ogaule4r@hhs.gov,vFlRRB3k
bmargrett4s,pgager4s@newyorker.com,HbA5ybrmSCH8
clettsom4t,zbines4t@pcworld.com,4cqHVPY1fxHj
ncasado4u,chauger4u@cbsnews.com,wKU1FgrW2etl
xwicklin4v,bespinoza4v@trellian.com,14Mfa3NfCK
ghallgough4w,lrumin4w@opensource.org,uxDH7NvxoG
atrice4x,tcockerton4x@discuz.net,ISKJNPcUwBc
tkoppen4y,jfull4y@shutterfly.com,WPw20TH4l0rV
llampel4z,xizkovicz4z@bing.com,wJNJoWok
sbullier50,jbickerstaffe50@goo.ne.jp,3PhxO1TM9xfI
jratke51,hbullard51@topsy.com,RgGffc
bgrebert52,kmcconaghy52@tuttocitta.it,cNLj575
znecolds53,sdring53@t-online.de,k1c5nUJvpK0
acarthew54,rcockland54@google.ru,UdzJJvQ
rmessruther55,adegoy55@sbwire.com,ZeDGxBE
cmorde56,opiris56@pen.io,WjXMNOZ4tLXp
screany57,emompesson57@yellowbook.com,L3vLpaM
spilipyak58,sgolagley58@netlog.com,MJPrMcO
skuzemka59,asanches59@dmoz.org,GUKP2POn2
iswaby5a,meldrett5a@skype.com,RxpdW6oRXZn
jsissland5b,jbrandacci5b@nsw.gov.au,E8DXcW
kgaynes5c,pcatherick5c@addthis.com,xqtZFC72h
kdemschke5d,spoizer5d@uol.com.br,rab5cJzvmn
ebigby5e,atwittey5e@hud.gov,5aGt4F192gi
duff5f,eclist5f@unc.edu,vINSyn
rgalier5g,jhandling5g@wikipedia.org,nPONVV
igaul5h,amoxley5h@oaic.gov.au,rFiCSyB0nP
bragbourn5i,bsimonato5i@reuters.com,x6ZJj8KB
khowman5j,naslott5j@mapquest.com,doCzxhipidS
jchilderley5k,aantonutti5k@infoseek.co.jp,46t9tUNcg
baldington5l,ncheco5l@jigsy.com,iu0PWDT
agreatland5m,jsimeoni5m@w3.org,gO5bhD4A
ballport5n,jkunze5n@cafepress.com,trMdxh
kbrokenshaw5o,hmarfe5o@sourceforge.net,ZTzETO
lvandervelden5p,cboundley5p@patch.com,gtcfJCzkwuY
wmillott5q,mcopcott5q@dion.ne.jp,DnOqqHD
kbeahan5r,edrysdale5r@acquirethisname.com,I8oJ5U
dbateman5s,aholt5s@bing.com,XteZRDD26W
dglaum5t,wbowcher5t@prnewswire.com,L5w1IHdugPi
chadny5u,gwoodage5u@princeton.edu,aqsKey1tSVy
jarniz5v,vchessor5v@godaddy.com,AwcqiF9
vgantzman5w,hgiovanitti5w@chron.com,UAQGjiVNW
sdupre5x,ballenson5x@adobe.com,LDY4FeVmM
ymarkovich5y,vgrestye5y@vkontakte.ru,LZlUWdm
cmckinnon5z,mnorgate5z@netscape.com,APrfjl
rriccioppo60,vroddam60@infoseek.co.jp,CZ95LzKKx4u
kgarralts61,kmoore61@wp.com,9cRpZ5h9
tdebenham62,hsmithe62@flickr.com,StX9ea2FOX6
hbleasdille63,bjumel63@youtu.be,cRgKtNeFgpJA
gfarlam64,kbelf64@mlb.com,mypZllC3
hsmiz65,wcalvie65@salon.com,OxR3MForVn
hscreeton66,rsabben66@cmu.edu,OjVHNt
lmalek67,cleele67@hugedomains.com,sxVyDlWS
gdilley68,gjenson68@columbia.edu,QJt0Lnz
aweed69,chanway69@amazon.de,r85L60AC6
mhallstone6a,bolennachain6a@google.nl,27K6N1npP
fcarryer6b,pfaudrie6b@intel.com,DLlIVFjK2Go
ebote6c,gcobelli6c@usgs.gov,CcX1adK
chalsey6d,ddumbell6d@zimbio.com,OhHaD8uMsR
asambedge6e,ademarco6e@cdc.gov,NVKezrCyA
hgawthorp6f,cvarfalameev6f@netvibes.com,PMaYOq
harchley6g,bfratczak6g@twitter.com,Y3WtOpwCqjT
amullan6h,gcary6h@linkedin.com,9tEvNeC
pdafydd6i,jgotling6i@who.int,yVghyLGkA
hgeraghty6j,cseth6j@ca.gov,ycSYgdP1s
cmarklin6k,oboggon6k@blogger.com,byntH9
bogleasane6l,ttakle6l@friendfeed.com,N40gGV
lmcevoy6m,mronisch6m@who.int,3h8vNJDmdG2W
jcowhig6n,mfeehery6n@upenn.edu,Y8wmYbc
abillyeald6o,hlillecrap6o@elpais.com,9acaTE7g
mmaciaszczyk6p,arhead6p@shop-pro.jp,0JvhgxGBqba
mjobbing6q,rhenzley6q@techcrunch.com,90gBpAyPz
hantonellini6r,kbram6r@cornell.edu,ldp6jhIg
nsawkins6s,mbalazin6s@java.com,1hsrSAy6Y
gmusprat6t,gcortez6t@wufoo.com,2m1YF55a
cpraundl6u,swinders6u@census.gov,Um7n5tKzJnB
gpyvis6v,tevennett6v@phpbb.com,PvBFxc
wmoehle6w,sendle6w@bloglines.com,sGGUaF
mbole6x,maldrin6x@taobao.com,26iLQiZGqJB
ckarchowski6y,thugonnet6y@army.mil,g5LtJa
oduggon6z,rdyhouse6z@boston.com,L6he1g
ddwire70,gshallow70@feedburner.com,wNWNi2L2P
rdavsley71,anewtown71@photobucket.com,V8jF8EbcLTnB
ebernolet72,srough72@skype.com,c1eTfUsAHl
htivolier73,cpaolillo73@ucsd.edu,pkLqTOR6pE5
fkleinhausen74,maumerle74@yandex.ru,FpqlZYQBBly
kclaiton75,crubinowicz75@virginia.edu,aM5NkEGoja1
wmacascaidh76,zworden76@reddit.com,scBIENqo0
mstennard77,ppontin77@cbslocal.com,dYyfsEnB5
wsimao78,dfurst78@bizjournals.com,EeNq8skMW7zN
rdenge79,lkristoffersson79@china.com.cn,QbhUEbAYJd
shassekl7a,joleary7a@xinhuanet.com,U0EU09N
ngusticke7b,czienkiewicz7b@comsenz.com,NqRSG89hnMo
rroulston7c,rmatzaitis7c@photobucket.com,Cp9KF95
iwhotton7d,ileighfield7d@shop-pro.jp,pqsLRA6jys5P
nleming7e,toxbury7e@yahoo.co.jp,8sLvGJZWZ
kwillgrass7f,tearingey7f@ehow.com,gHyEvokl
glindell7g,rmccaig7g@google.fr,SblgGnl5Zo
wmorando7h,sloan7h@topsy.com,wMZOYCoKG53
bheggie7i,sbarrowcliff7i@ifeng.com,OkwpNJA
splenty7j,awheater7j@xing.com,Dt4ce6
ckettridge7k,emcnevin7k@google.es,YgtYmAgb9i
mswiffan7l,fgarvin7l@infoseek.co.jp,krcZM6s
aoccleshaw7m,cburney7m@netvibes.com,TfIq1P7J
emartensen7n,sspillett7n@weibo.com,s4ArnXvj
kmasding7o,borys7o@webnode.com,J3XplQh
saustick7p,bbrownlie7p@oakley.com,fzmU3XM5B
noliff7q,gmacclure7q@wisc.edu,TmxbItQu
mbeldan7r,thing7r@shareasale.com,nF8wvgoEK
mfoystone7s,bwhinray7s@umich.edu,oVO9SnKcQ8ae
swoodnutt7t,ppietersma7t@rambler.ru,AoBYWYVah0v
tyouhill7u,mbreit7u@dion.ne.jp,fY3ShJh
lblagburn7v,dbursnoll7v@jimdo.com,Ng0qFk15h
eewins7w,siron7w@storify.com,YfiLek8y
ghubbuck7x,bcecil7x@guardian.co.uk,0Cly7M8dNO
gharme7y,hhanner7y@usda.gov,rieWRpQs4ar
ematfin7z,ahebblethwaite7z@alibaba.com,QNCZ20QSM
lreadshaw80,jferrucci80@symantec.com,uvXeZBO
ldoody81,bspelman81@shop-pro.jp,TJ9MQQ
cstilgoe82,blannon82@google.de,E7Ne51Sfp0
kbaltzar83,scrielly83@dyndns.org,FFaJLUQXY2BK
linnman84,cfarrer84@npr.org,DkHNFed
mstreets85,drubin85@dropbox.com,vjYLhhGEHea
bverduin86,wwelds86@dedecms.com,XSoxZbI66GG
gbeverley87,npickett87@360.cn,MKkVbslY
wwudeland88,mmathiassen88@unc.edu,akIKApeai
pstreeting89,amounce89@google.ru,Lf4a3w4cI6Jx
mdanell8a,jnottle8a@scientificamerican.com,sIzGxjVCn
nbeetlestone8b,rbarsam8b@elegantthemes.com,CDNZZ4
dbaddow8c,msafhill8c@bloglines.com,MzlIPWmgV3
gpusill8d,wravens8d@ovh.net,DV6snRWNX8
danney8e,anelissen8e@etsy.com,vV2DLe3n5NUU
afernao8f,npescod8f@technorati.com,F6VBejY5g
npellitt8g,ryarrell8g@redcross.org,twnwQD891xtj
jdeards8h,codocherty8h@foxnews.com,NcG0DlmQRsl9
mbalmer8i,pemlyn8i@usatoday.com,xU8ZTJGl
jsimonin8j,bbraden8j@si.edu,GEc88yF
rlionel8k,rpeatheyjohns8k@netvibes.com,3HM7zk3u
rdiggles8l,lwakenshaw8l@altervista.org,b6Qfvwlq0JPS
jsmeeton8m,tthrift8m@creativecommons.org,fu9mgmk
cpackham8n,etreadgall8n@360.cn,SBcoc17JH98
mpringley8o,ksolleme8o@house.gov,fDvJEoJXORE
asturdy8p,dtarplee8p@europa.eu,FloZxlAoca9
dvanderkruis8q,depgrave8q@g.co,s53dPvHq
harnault8r,vbegbie8r@webnode.com,jukcAcT6
dbuzin8s,mfrankton8s@boston.com,euFj3ayc
rstienton8t,dcinavas8t@businessinsider.com,FpmTOLDLIUm
sauckland8u,lpieracci8u@unesco.org,XX4OM9I
gbinnes8v,jcraister8v@berkeley.edu,9jwfkA6Nngom
ohentze8w,aianelli8w@netscape.com,YGNaJT6rpeZ
swattingham8x,arowatt8x@flickr.com,MXLB17Q
imacgiany8y,aloud8y@mac.com,y1MPHGfxvmc
smacavaddy8z,ifettes8z@newsvine.com,mMUqKP
jmaytum90,doldroyde90@prweb.com,Wei9Ww
emalimoe91,ifenelow91@google.com.br,E1RBIBK
rdundendale92,jgresham92@rediff.com,OLqR8ek
bormonde93,dtaveriner93@friendfeed.com,yoC7EZq
ucubbini94,hgarfit94@dmoz.org,q4iuXg21pez
ghunter95,kdeniset95@bizjournals.com,MjNznmG
aalforde96,jarnason96@ed.gov,S0YNF97F
folliar97,jhebblethwaite97@free.fr,lA3fKs
dthomas98,lelwell98@youku.com,oGtSO6
cdinzey99,tdevereu99@wordpress.com,RwC4OA5E
hreucastle9a,hhumblestone9a@comsenz.com,Co9EMnlKb
cgeffe9b,ssmitheram9b@wikipedia.org,v1ZjH2EE
noldred9c,swalburn9c@unc.edu,6yEmJ1BQm
sofogarty9d,hclayal9d@sitemeter.com,KXSn5LpHLib
jarnaldi9e,jsekulla9e@fema.gov,HNDjZR4uot
afrowd9f,ftezure9f@nationalgeographic.com,3MEfyL0zgJCW
sbassingham9g,cgorthy9g@dailymotion.com,zI7T25ig
eboniface9h,zpele9h@ycombinator.com,KYu28MR
kverdon9i,wshivell9i@nih.gov,WtFNcCt
ucalton9j,hacres9j@go.com,nLa3qNNUmn4
sboules9k,aartrick9k@toplist.cz,Tr2EV4PJpr
walltimes9l,gwelchman9l@blogger.com,ErDovfUR
gfuzzey9m,bfildery9m@uol.com.br,3tz1UYsi
caddison9n,rsteptowe9n@goo.ne.jp,lpQIzlDr
nbelamy9o,nommanney9o@cnbc.com,zUDuCd0GHFh5
kfossick9p,efairbrother9p@newyorker.com,rPSvKe
estodit9q,cdoog9q@google.co.jp,sCVsOp
jevamy9r,lclouston9r@xinhuanet.com,mST8aFc2WVL
lsangwin9s,pdewerk9s@virginia.edu,rOc59Ou
nalyokhin9t,csouthwell9t@w3.org,B7l5GcYIuvY
dczapla9u,edallin9u@google.de,GMhinkw8K4Pb
wdomingues9v,ncastilla9v@miitbeian.gov.cn,m2sr4Vmd64FV
pgatling9w,sjanek9w@ucsd.edu,ExPjdYO8nQ
aperchard9x,abevis9x@phoca.cz,w5jRr4C50Pbf
tpartlett9y,lbrosenius9y@typepad.com,ZZXoXw
ddaniely9z,lkidstoun9z@posterous.com,UMxUdI
gmcdilla0,mdeveya0@dion.ne.jp,oYGy0fdfiB
htomaa1,dbanda1@fastcompany.com,jLh5EHm
glaurensa2,pyosevitza2@prweb.com,HWCFJtyka
dgeea3,rwallwortha3@booking.com,3ZyQPUpWewG
jchiccoa4,rfesbya4@japanpost.jp,6xVhECEg
blottringtona5,tliptrota5@1und1.de,eUW3uFCt7xot
seldreda6,hwooda6@pen.io,O30D3SXYqLe
gprozesckya7,swestalla7@elpais.com,PpPcLxb
hcoltana8,mriddlea8@qq.com,pZz9XVS
sdecarolia9,mnorewooda9@webmd.com,jooc7w7j
apunchardaa,svermeraa@i2i.jp,ib6xYaygJRc
jkebleab,mmcindrewab@flickr.com,Pe5zcK
bgladwishac,rcunradiac@moonfruit.com,9qTO5LF
ctwiddlead,fguinessad@hostgator.com,AFcGv7G
ppreistae,kkruschevae@toplist.cz,ZqzaeK
mdehmelaf,dmcclearyaf@a8.net,J0lBnJ7
mheckag,rpockag@sciencedirect.com,8hkkgL
rclamptonah,jcordsah@samsung.com,ip01fYVE
jmcelvogueai,kdelouchai@sphinn.com,c2emggTmRr
lcocklinaj,gbraznellaj@loc.gov,3lo2y1d
bbecclesak,bmaccallesterak@stumbleupon.com,Sd355NX3
bquyeal,rladdsal@multiply.com,Ys2Sbtg
dlearoidam,prodrigam@so-net.ne.jp,JV75lO37R
rvivianan,adouthwaitean@ftc.gov,i4UkCyKA
bredierao,vcleryao@plala.or.jp,cVbe2SLraz2a
eshovelinap,gredap@amazon.com,J7vZTF5mePN
welbyaq,rkubanaq@xing.com,Naxrd7hGFvj
jculbardar,jjosephoffar@t-online.de,3GdoLGI
lfoxas,tleanderas@chronoengine.com,jIjNr50nl8k
tgummaryat,bhallumsat@techcrunch.com,ZniNWxfuQ4b
ohacquoilau,jricartau@eepurl.com,b1kdw1tlI
ddobingav,akimberleyav@hp.com,O7QxabjkQ
tbiffinaw,harnowiczaw@delicious.com,R1ROoFHhiGMY
tstreatfieldax,tgorchax@china.com.cn,J2LLFVMCODN
gnanniay,pharvarday@eventbrite.com,ChLAimHmfqK
lfitzpatrickaz,iscobleaz@globo.com,jI1GCy3UmG
nchamneyb0,cpoolb0@engadget.com,G8x4mEDS
cdickonsb1,amccauleyb1@miibeian.gov.cn,t25J0GzC3
mvanderweedenburgb2,cczajkowskib2@histats.com,tX1uKZuBptAr
bcantob3,dkieltyb3@toplist.cz,y5NJNQ6B1LA
lbaldenb4,evanderlindeb4@mediafire.com,a44jSn
cfinnieb5,dishakib5@photobucket.com,xIn01RZhBD
rrabidgeb6,tstiegarsb6@ycombinator.com,rKZP04
fdeaconb7,cburcombeb7@desdev.cn,JgcRphqiMT
bgregorib8,jmacalasterb8@irs.gov,11dg4Z7e
rhillettb9,rfranchionib9@plala.or.jp,AbFUHj5QzENE
fsoleba,twassellba@stumbleupon.com,xwvyBD
eallwrightbb,ajaquemebb@cargocollective.com,EzZHfdr
lmuschettebc,tlissimorebc@usa.gov,j6TTfWO
bslightbd,eoleszcukbd@nps.gov,ETrwJJxB8ofR
ckydbe,ufeatherstonhaughbe@php.net,hblsGZAyF
twilloughbybf,khickfordbf@unblog.fr,KZu73prbb8nx
erupertibg,whindrickbg@squidoo.com,0k8PKU
tpoacherbh,bsjostrombh@adobe.com,Tbk007DHI
cjanakbi,cgingoldbi@163.com,GZXsrltEJIy
keschellebj,kwillowbybj@wikia.com,pyk4mco6La
sdannellbk,dosbidstonbk@pinterest.com,yESNYi
fdodshonbl,arzehorzbl@nbcnews.com,8bZOQUSJ3
bmcdunlevybm,astreetleybm@linkedin.com,Jay3NbGQ
drehorekbn,mludlambn@whitehouse.gov,lwL4kI6AB
tmatveichevbo,teallesbo@tuttocitta.it,enh4fCOX
jguidenbp,lfidlerbp@eepurl.com,Ez938mLJ8c4W
frothambq,cbecklesbq@cnbc.com,CWHY9q
mdanjoiebr,rivanuschkabr@flickr.com,gu1WSqnE
fdivebs,tloveringbs@purevolume.com,rnbl03y
gcunninghambt,bgroucockbt@desdev.cn,XZRzHmx
bvolksbu,lhaydnbu@gmpg.org,b3srqu3SBS4B
gosgerbybv,ckidstonebv@reference.com,XUfcVrmvY33T
jziemebw,hsarfassbw@ow.ly,tpr9WY
dmerrywetherbx,jkalkerbx@geocities.jp,kvobowC
ashawby,sertby@wunderground.com,nBp150ZNu
eblackmorebz,jclusebz@yahoo.com,Rvq19abUa1
ahitzmannc0,poutrightc0@blinklist.com,UKQkiRIZ40
civshinc1,dwaterstonec1@nytimes.com,pZuVpb48n2X
pbuckwellc2,emusprattc2@ustream.tv,pYuHCd8RFm
lervinec3,arosencwaigc3@cloudflare.com,AHl9Y2
sgoodhayc4,adaultonc4@slideshare.net,j4T6lV9b
fskogginsc5,esangoc5@independent.co.uk,z5g6i2UB
wmcalinionc6,kbythwayc6@nhs.uk,TNnkxBFM
mcattemullc7,hbootherc7@disqus.com,5kzC7gK3x
fgamblinc8,cjearumc8@infoseek.co.jp,VLXyyIdrSK
gphysicc9,lmayowc9@wiley.com,H0dZLhSXIQd
jdrableca,mrosewarneca@washington.edu,aPu1QKZ
tgindghillcb,rdorkingcb@senate.gov,QUYjcBL5Hun
wjanatkacc,wlippicc@ebay.com,HuZGwtJxNm
gdaykincd,jbausorcd@shareasale.com,14x5IuVPuvDR
ppigeonce,jharriesce@aboutads.info,xE0a34yJ9Wt
inorthcf,pclitherowcf@netscape.com,NMTQVKPEsj
dyokleycg,gfoffanocg@e-recht24.de,g8EBwMYwe
tkinderch,amackintoshch@devhub.com,o2K3MySkP
htremathackci,abezantsci@indiegogo.com,Kc2NTWapZld
lrodellcj,dcraigmylecj@bigcartel.com,W6MTSaQwWNO
lmcginlayck,esutherleyck@google.com.au,FbqL3HT6L
ssacazecl,sbassickcl@tripadvisor.com,weASUtuw
zbreslandcm,dnewborncm@apple.com,53h3YxB
kyesinovcn,lflaoniercn@gnu.org,6HtqUllRNW
oalejandreco,kvogtco@hp.com,jFpUA5yEd
pbidnallcp,rethelstonecp@ning.com,uYzvTa
dothickcq,kspurriercq@mapquest.com,qioxi5CRk0q
olumsdalecr,gbruneaucr@taobao.com,3p0aADM
gpetrushkacs,gbaggecs@reference.com,o9kokCTq0C
wmacgettigenct,nflayct@jalbum.net,XmoFLaTkj5
rcartmelcu,egouldingcu@wikimedia.org,3SkZyj
jtyrwhittcv,xworsfoldcv@ebay.co.uk,shOjFWuz
hdampiercw,pcalbertcw@mysql.com,ggoFmYz
fdranecx,hwalstercx@tinypic.com,o9UcAWrfLjSi
ssundincy,mcullycy@xinhuanet.com,NPmWzY7CJT5
idingatecz,atarbincz@scribd.com,FXQfEHSVr
aspaceyd0,croycroftd0@seattletimes.com,ppUkmLZt1
maronsd1,vatwaterd1@sourceforge.net,fo28UIz
cbourgourd2,vbarfieldd2@hp.com,eNVYejcI
blerohand3,dleberd3@google.es,1RtRVSbQNUM
cannakind4,sbellinid4@ted.com,JKZ2fnizk2
aburyd5,mleathersd5@networksolutions.com,JHT9om5S
molubyd6,kclowsd6@tripod.com,spXR9iuB
lblaind7,mesomd7@a8.net,n2Lcq6WN7xe
kstuttardd8,dinsleyd8@gizmodo.com,tTBLKeujX
rslorad9,eiacobod9@cdbaby.com,trl7KRY2fn
labarrowda,bletrangeda@harvard.edu,77S67rGKlDa8
aswannelldb,jtordoffdb@spotify.com,BHB7sf0y
asegebrechtdc,gjervisdc@behance.net,E59wb5L1B
jblazydd,cmurreydd@smh.com.au,k2xL4hlvQJR
yfilleryde,jedgertonde@simplemachines.org,7rb8JUZPu
datterleydf,qyerburydf@ameblo.jp,tzPkD0otB7P
cpaternodg,cirnysdg@usnews.com,90LplFvl
cbodimeadedh,mskittlesdh@accuweather.com,dvL9wbEKPuFu
awhertondi,crodgerdi@wiley.com,fC1Thb0OZBB
cheinemanndj,bpatronidj@usnews.com,59ZwPUDVyRR
kshapirodk,mmalyandk@booking.com,Hr72vnsBNIz
kjarleydl,vmcgaheydl@hao123.com,CQRFFl
rvalentinedm,obernardydm@1688.com,1jK3vEGzf
alabounedn,hzanazzidn@virginia.edu,l7Rf59
acushellydo,eattwooddo@prweb.com,rGbcYH8Oki4m
mbatesondp,ktaylersondp@wufoo.com,LlyGwmmkxp
tgreevesdq,ibackendq@upenn.edu,dpBZ79178
lgratrexdr,pspellmandr@wix.com,UPtoUl
ppedersends,ccockittds@google.es,r7YB1KQ3
ocaistordt,zthoresbydt@hc360.com,psTpchsuE
ugwynnedu,hbessondu@1und1.de,Q5Vu4UIfWb1f
lkeohanedv,mbanddv@ask.com,vDWyuME5jn2
glinsaydw,glivelydw@blogspot.com,P3fcxQ
msummersettdx,scamilleridx@goo.gl,Db55nDL4
tcheesleydy,aiacovellidy@chicagotribune.com,qKPyEh42qyt
hmacgraithdz,cbrinkleydz@cbc.ca,Hnd492VH
tcookneye0,amattosoffe0@berkeley.edu,2ooXLqVrl1E
rheadleye1,zcoatsworthe1@ustream.tv,CTNBDF8q8iS
lwalasike2,ckemballe2@ycombinator.com,madyvy81byV
emaldine3,tstorrocke3@hatena.ne.jp,yGKM4k
bdrablee4,camiablee4@weather.com,sIu7CI1QruWw
esimonazzie5,cbickardikee5@edublogs.org,3jo1oF5xYlY5
afreddie6,rdenoree6@w3.org,o9mjHSjlqRjK
gmillionse7,adurnoe7@msn.com,VIUk2AdAId
cpudene8,pcroydene8@multiply.com,uGVYWe6OO
kheatere9,wslocume9@prlog.org,M97Uf3EN
ggatlinea,mrupelea@ehow.com,x6WpQlcvA7
afairlaweb,gargabriteeb@tuttocitta.it,B9INVYqTKN
etuffellec,iblakebroughec@umn.edu,2qUAna
csongered,dbartolommeoed@icio.us,e6XwWkb
bballingalee,esharlandee@ted.com,I2B9xZJMOq
dcogginsef,zlarrieef@networksolutions.com,jALjYpwF7Gn
tbelfiteg,bbarnseg@meetup.com,AcOGjx
jpyeeh,fsetchelleh@networksolutions.com,3WpRN7m
kdevineyei,kgunthorpei@1und1.de,HlatFfU6
xgelderej,lconklinej@1688.com,95QnpNIckw9d
rmackrellek,iscraneek@gnu.org,SBA2qsey
rmarmionel,mmcgannonel@netvibes.com,rCwXDQiuX
hormistoneem,cdobkinem@4shared.com,xRIwTwqR4R
adowsonen,ijerischen@etsy.com,N89uaP
tstuckeeo,gcargoeo@histats.com,jLqW7qH
vgateshillep,sbrobeckep@soundcloud.com,DZSOD1fzOdQG
ssauttereq,amurieeq@mtv.com,2StLfMLd
dfantier,mquinnellyer@seesaa.net,6sUmwllb0Nk8
bthomes,achristopheres@walmart.com,4mSy9ujG
dakredet,rgregset@etsy.com,91AO5qW
scaveeu,ckeereu@vk.com,1KmZcsahit
alaurieev,aspellsworthev@amazon.com,G5QXsaX5Ngl
jcooteew,gvalentaew@ovh.net,tYctYBtSB
ehryniewickiex,mrojex@exblog.jp,AWxgosog
aoughey,druddiforthey@w3.org,VyzSmJ
egussinez,ckingeez@yolasite.com,so4XNs
hdorlingf0,hcanasf0@washington.edu,YthxBBMoKrq
scarderf1,mknoblef1@noaa.gov,6f9qNPcPT
ppresdeef2,qcoskerf2@tripod.com,snAfzJpVnwDO
gbalyf3,mfenningf3@newsvine.com,k8gbyfDu
lclydef4,ajunkisonf4@usda.gov,mGfZ1a
rpavesef5,promainef5@webeden.co.uk,IoCXh4T
cvennardf6,hgyrgorwicxf6@twitpic.com,LImuQAIIb
dsilcoxf7,rguyersf7@whitehouse.gov,ayIwdQJ9
vstennettf8,fbeldenf8@tuttocitta.it,pXs3imJgNY
bperezf9,mtronif9@ezinearticles.com,Eb4bcCcJ
mroycefa,ljumpfa@telegraph.co.uk,gXRKrcN
bjestefb,bmulvinfb@spiegel.de,jhFb1Z5MBOef
cscafefc,gsillisfc@berkeley.edu,HbIRezVlp
vstrowanfd,chaydenfd@cam.ac.uk,dbMZyAi7ql
blayfieldfe,bchiversfe@army.mil,C1IuRDPYuA
mpennettaff,fbeamishff@google.co.uk,l1sNK45zdj
rbowlerfg,smershfg@techcrunch.com,KPuQNe26tF3
mbartlefh,zbroadberryfh@auda.org.au,FzUX5sT1
seglefi,ostrivensfi@google.es,V2voa8rjT
dambroisfj,mwoodsfj@nih.gov,mYSVmSKibXDF
ygillisonfk,gsailfk@artisteer.com,DdMmopGCjkhA
rgaltonefl,sjustunfl@latimes.com,6y0nlTH1h
gmccaddenfm,bstrangefm@mozilla.com,gRvt67iAJod5
sclemofn,arugerfn@clickbank.net,94N9QjJo3
jeglinfo,mmallowsfo@behance.net,CqJ7twfhUD
nairesfp,kvuittonfp@multiply.com,Cuztd2HzQA
yritchfq,sdepkefq@nytimes.com,xTkGNREPW7n
ebachefr,elivardfr@php.net,0c0GbH
falmonfs,alapwoodfs@miitbeian.gov.cn,wVug3VRn
vfishburnft,hdicksonft@usa.gov,AidAodq
dlowndesbroughfu,vloblefu@jugem.jp,8hM6sNJH
mmalthusfv,dparidgefv@geocities.jp,iV9qypBi3wO
msmalmanfw,tyeomansfw@mapquest.com,3oGSmuEV
wjarmynfx,hdewberryfx@dagondesign.com,ES4ldxx8
nskelhornfy,hpellingarfy@arstechnica.com,Dsm8hn68JW
aslayfordfz,aebrallfz@mail.ru,ZcthXEZaq
fhindrichg0,qgunneyg0@dmoz.org,fEJG6biWZaJF
rbottleg1,ttipplerg1@merriam-webster.com,FJM1tH3
aridleyg2,fscamadineg2@mediafire.com,16KEUlWsv
mjoistg3,jbeggang3@prweb.com,9ZqxelN
phammelbergg4,rtremmelg4@howstuffworks.com,spt0Nj2FK1w
hnisetg5,econlong5@comsenz.com,BuHDGh
jwoolattg6,sfurmageg6@dedecms.com,UUMdCM9QNoD
mfridg7,aeckartg7@cafepress.com,Z9dIE8sAEYxc
qskewisg8,gspreadburyg8@issuu.com,meFtthlPcc
rslateng9,hswatmang9@acquirethisname.com,UPwTv9
ewagerfieldga,pjewsterga@nbcnews.com,LLHHXM9
btaborregb,svelarealgb@nature.com,DikzYa6sIO9
hgabbattgc,aamerygc@smh.com.au,Glbe5KQ
iwinterfloodgd,creadingsgd@hhs.gov,MsH4XnobSE
ndrezzerge,wbeeverge@loc.gov,GNu3Hr4i
mrennardgf,nmcpeetersgf@chron.com,8s05v478fQB
aarchbuttgg,mtompsettgg@google.fr,ajFR9t5UA9
avalesgh,jlorentegh@privacy.gov.au,vpi7f1
csjollemagi,mcastagnetogi@dyndns.org,XqQuwxJyXCNK
mkeenorgj,rgodsalgj@sfgate.com,P5N5tt1Bhm
mfairbairngk,dnewburygk@csmonitor.com,7vxnW8uCS
bzanottigl,tsnawdongl@360.cn,I25kRmOhGT
eokendengm,rpaulillogm@mail.ru,nHN37N1cR
gwilhelmygn,phuonicgn@washingtonpost.com,yzIJt3wQn9MS
cmcjarrowgo,hbyramgo@nytimes.com,lIP5QYwtsA
dseawardgp,cdugoodgp@csmonitor.com,im956kPvBki
csmallgq,aburbudgegq@youku.com,CXW86lwVfcIj
yrobardgr,mberthongr@printfriendly.com,84djH9wqpFu
ffitzalangs,gpullengs@engadget.com,cWEhH7Jyqn
nwitherdongt,binsallgt@mysql.com,m8nrbZZ
cbascombgu,criemegu@stumbleupon.com,4vb0T6bE
bbeazeygv,rdouberdaygv@bloglovin.com,383kEpWWgf
jbarcagw,mbarouxgw@nyu.edu,VryAbosLc
ngorringegx,amcartgx@ameblo.jp,BzvZ9XWg
ndrewellgy,mdregangy@omniture.com,Yfe8CKqQ8Gb
ndodlegz,jnorthropgz@geocities.com,EpzCVrG
epasseyh0,ltaberh0@cargocollective.com,gE0cXx
afidgeh1,sdeldelloh1@google.fr,4AU1Wt09E8
eportwainh2,gmorfieldh2@cbc.ca,qkrWwWg
nfraczkiewiczh3,wvoelkerh3@paginegialle.it,FsjNE8
dconyerh4,rconanh4@hud.gov,YwIK2ZwAM
sraeh5,ldyballh5@ucsd.edu,CdG5rAIhEF
lgarrisonh6,rproctorh6@wordpress.org,5clHrKsT7TV8
mjedrzejczakh7,elawrenceh7@ifeng.com,RMab6UkIdfE
tfransemaih8,jammerh8@usgs.gov,CmB66JL
hdearsleyh9,omoodieh9@biglobe.ne.jp,qK27RQ45J1L8
cpoacherha,tpicoppha@acquirethisname.com,bb3y6pyCl1
jdawdaryhb,cisakovichb@reuters.com,6SXCegFro
hskillingtonhc,hhurleyhc@desdev.cn,UPUV3db
mmattiatohd,blyneshd@mysql.com,DZkpFaWdZO
cetteryhe,tmidnerhe@mozilla.com,Dtbu7YO9
fbouzekhf,cdennyhf@geocities.com,sa1rLWc82X7
chanehg,lyerrellhg@google.fr,IN1yG27
shannabyhh,pfawleyhh@blogspot.com,cnV9HW4SZp
vhobberthi,jmacartehi@addtoany.com,CJDNQtF
sbillhj,kdavleyhj@yelp.com,PgoYmkG0yB1B
smcgaviganhk,nvintenhk@aboutads.info,wzx2Q4Eweqq
ebethunehl,flaynehl@archive.org,R6h2Im
bknapphm,phankshm@mail.ru,cJtNgx
bbroaderhn,bgatleyhn@berkeley.edu,Y3nnlitUyj7
rmalinsonho,roxtibyho@ning.com,UX2N77
twilseehp,lthurlbornhp@elegantthemes.com,QMsZQd46Xzh
jjarrethq,aspinneyhq@squarespace.com,dyDExvQt
abrainehr,tboggershr@bravesites.com,t1EVfF9
nbalazoths,mwaldinghs@gov.uk,QK0yUo9
bbowlandht,lbollardht@bloglines.com,wAP7MWvdd
foliverpaullhu,chenricssonhu@google.com.hk,FfeqrFr
cchiechiohv,gdelmontihv@dyndns.org,bYRggK5O
shelbeckhw,plorekhw@gravatar.com,WLvnc5VE
lbiglandhx,msellnerhx@smugmug.com,HDyRPlwR
jpiwellhy,rzimahy@wikipedia.org,6iWoBw2ZI2WF
gmcdonaldhz,afullowayhz@ihg.com,GzjTkz57M6W
ddomineyi0,cglanisteri0@omniture.com,m0YxfM
dserfatii1,apaddiei1@cam.ac.uk,fTN4f4nH
eloydi2,lspringhami2@angelfire.com,BZdXUPPid
ggresswoodi3,cferrullii3@unc.edu,rtbgZV9r
lelegoodi4,awrittlei4@vimeo.com,0O1oWEnEzkuz
rokennavaini5,svenningsi5@joomla.org,fltNwSbM
wnugenti6,olengi6@vk.com,0P3vUT5
nsnoxilli7,gmyneri7@shop-pro.jp,6ZDVk2pl
gblackleyi8,pdebeauchampi8@xinhuanet.com,bwYY4w13WBxZ
wdouchei9,kcasarii9@devhub.com,242usNhTCh
yjoberneia,ltarzeyia@elegantthemes.com,kBlFIMM
ilornsenib,jcritzenib@dell.com,NH7fJbdBt
tkasic,akeetsic@patch.com,qyVlOKzpKAR
bolliarid,ksibbornid@usatoday.com,sM4gv8qOv6
nscamerdineie,fbenettiniie@gov.uk,nwXer7PsC7S
dnajeraif,mpaulusif@europa.eu,5yCiDRov
wmullissig,kbrodleyig@blogspot.com,8EpMal0zY20
ccowderayih,lgyorffyih@addtoany.com,NPRDe03h
chardemanii,jpudsallii@odnoklassniki.ru,Xlirt5
dmalyij,cnorsworthyij@weibo.com,QKoKazbr
kfairfullik,glealeik@webeden.co.uk,SiL3hwoya
aisakowiczil,fcasbourneil@yolasite.com,ZRLHxFeZ
rcuerdaleim,aspyvyeim@tamu.edu,KLqyFcnd8wU
dmanvellin,tbarkasin@imdb.com,R8DC3ILf
sduddleio,btestinio@soup.io,JDgkbteJ0
ipurseip,fscibseyip@cnn.com,epQxQTwKLTEt
kdelacouriq,hgreatrakesiq@goo.gl,47xIouiwp
bmckallir,dafieldir@noaa.gov,1SaI2f1PINa
kwinnardis,tgornalis@nih.gov,rPz3GXI6cf
scunniamit,jpelferit@ebay.com,zaZKZj
cfiddianiu,wmorrisseyiu@wordpress.com,cuXge9Lvkn
dglenisteriv,lpocockiv@google.fr,fedZ2LJ
fbuffeyiw,mmurgatroydiw@ucoz.com,teMbEXB52
mcatterallix,tstormonthix@sakura.ne.jp,jtO7OqyEd
mscullioniy,rtruseiy@loc.gov,0nUxz0zf
djeandetiz,wspeddingiz@google.es,Fo88NCWv
sdewarj0,ddeavillej0@examiner.com,y68G7rKWAg2
ehickinj1,hhunsworthj1@mediafire.com,HT6UhyRt
jskeaj2,roldlandj2@wikimedia.org,3CedK2aWagpC
dhammentsj3,pkindallj3@aol.com,DhL5IVQ
kleftleyj4,mgarwoodj4@hud.gov,bslZHl0
ginglesj5,ppelchatj5@census.gov,mqbQDefryvAl
nbordessaj6,afuentesj6@baidu.com,vdaMDak
kannearj7,dpilkintonj7@etsy.com,2A5LSKxKXRm
mkellerj8,beminsonj8@1688.com,h8BfEs
echippendalej9,lscempj9@europa.eu,3SVfKBN2JiqD
pharlockja,ddeamerja@behance.net,IRpMc1A1hH
twhalljb,mluckmanjb@answers.com,7SyLR8xMkZ
jnonojc,ibohlerjc@ft.com,g4deYOXQ
evonbrookjd,wmorrissjd@arizona.edu,B3NpL8j7a8
mtingcombje,atuffeyje@dagondesign.com,z8UfZ0tUQp
jstirzakerjf,gklynerjf@gov.uk,8g63cMQyoc
pduferjg,npinsentjg@guardian.co.uk,EIa2R20
ajeenesjh,rkenneyjh@blogs.com,VdjOpOgqxq7
bbattyeji,lfavelaji@businessweek.com,gGy0vVfq8
fiapicojj,cbaudjj@mediafire.com,tVGRNxvx
dscollanjk,abunkerjk@umn.edu,GGg0QVEQ
esellersjl,fmaccollomjl@hhs.gov,BCxRIxaDM
kwinthropjm,kdobinsonjm@abc.net.au,4dtCEfiM
pflowerdenjn,tferrimanjn@chronoengine.com,2w26Qkei
kmonanjo,mjillionsjo@bizjournals.com,FhsJ8Orf42
gdineenjp,aboatrightjp@mapquest.com,h5vcjzHBZgd
redmeadesjq,jtodarijq@t.co,t2gPlCALi6
tmurthwaitejr,nwhymanjr@prnewswire.com,X8RyQ0f
ngarnsworthyjs,blantjs@goo.ne.jp,qe2QG30AVrL
osilverwoodjt,cclinganjt@pcworld.com,ENGycq80B8Et
fpitkeathlyju,lharwickju@diigo.com,54Va8oUB
rearryjv,sderryjv@goodreads.com,IBExrfQrfA
ppestorjw,biddinsjw@addtoany.com,VYVkjixl
flantjx,eabbiejx@ucoz.com,4aq2PJZHuyB
dcarlonijy,fsutorjy@myspace.com,6fHEdLuNrb
czarfatjz,vcarlowjz@posterous.com,A3qMCq
vyearbyk0,dseyersk0@skype.com,o2z6z4hc
csteedenk1,wmanharek1@dmoz.org,bRjfWTjm
vgowardk2,eferrank2@independent.co.uk,R21IHzUA
sverillok3,khalversenk3@bbb.org,MPPrT1ot
aeadsk4,jlavingtonk4@istockphoto.com,Mmm6tRIOBZ5C
fburnesk5,rmccookek5@tiny.cc,AJcprfbIE
lstrittonk6,lsepeyk6@un.org,hawBat4nzmhz
fixerk7,nidek7@unc.edu,2XELPR
nshervingtonk8,gcookek8@jiathis.com,kp39lPkQEk
dstuttk9,rfazziolik9@mozilla.com,lK6OJRVPzlA
jbaiteyka,lkilianka@ca.gov,IP4HyE
lcavillakb,handrassykb@biblegateway.com,Bs1VR2W8y
zosseltonkc,igellettkc@liveinternet.ru,AKq2lL
dolenanekd,lcescotikd@shop-pro.jp,r5SBFz66
zkittleyke,xalfordeke@soup.io,dKjURMIm
snelliskf,nnucciikf@house.gov,vOvC3K0nON4
eoneligankg,apeaurtkg@si.edu,piTBHPIXxs7
mbastimankh,rwillmotkh@blogger.com,jOUw2lPUVn
kstaneski,nbangheki@google.nl,c3ee4j2
aballancekj,msharplykj@gravatar.com,sJXrle6m3Kp
nchildkk,blustykk@house.gov,nHJgPxe
cdoddskl,tburnsidekl@skype.com,bCay3Rdq
gblincowkm,ctocquevillekm@photobucket.com,e2rKbu
tthrustlekn,vpuckringkn@so-net.ne.jp,BP0CgAK
pvanesko,nsimoniko@chicagotribune.com,q31pJCOy
ahuegettkp,rsergantkp@state.tx.us,A3U742yNuf
cbuggkq,apimerkq@dmoz.org,cQwuxR3u
awroathkr,ntynnankr@nifty.com,wIoqNhmB
ftitheridgeks,tstephensks@a8.net,Jwrei8xIqw
pfaynekt,dracherkt@vk.com,3IO0mymq
fbostickku,apeaceyku@narod.ru,vzFpNoK7osq
kdandokv,sbraccokv@mapquest.com,mpfuK6
cvamplerskw,egligorikw@newyorker.com,IutmgW
ltouseykx,aaleksahkinkx@webnode.com,rGqW0wsfluv
nhubatschky,esaffonky@tripadvisor.com,NC8ro9o
adannellkz,tpigfordkz@bing.com,w41cr8nTA4
cmackeggl0,mtroutbeckl0@wp.com,V9Nw3Ei
tmatthesiusl1,smurrigansl1@mozilla.org,5OUGZayGc
shailyl2,rgabbetisl2@ifeng.com,GCLxpeXLT
comurtaghl3,nmorsleyl3@biblegateway.com,pYNA6yhYnM
jfranklandl4,bgammetl4@shutterfly.com,tCYuCKp
swooffl5,esqueersl5@ustream.tv,QRdYGbRi3Z
lcalafatel6,smcilvaneyl6@bigcartel.com,jpxEzYQppp9Y
mliddlel7,bmattevil7@cyberchimps.com,AzjBoy
dkivellel8,aneathl8@photobucket.com,cVgrLBM1
schiplinl9,fboardmanl9@ft.com,O5sCt2OK
sbootsla,cgludorla@trellian.com,vE1cCWOi65Ix
lceaserlb,jfairningtonlb@wix.com,gn20y1BJLr3
lhucklebylc,sphupratelc@ebay.com,PdR72Bep
rgurlingld,mtailourld@fotki.com,pmbGqh0
kcaltonle,wrawdallle@squarespace.com,LTuudCyh
swisbeylf,okentonlf@mapquest.com,JpinZ91c
raldinlg,jbiddlestonlg@devhub.com,UK5QFIPeV1
ccarlemanlh,jclooneylh@adobe.com,dwBEd3B
valibertili,abrandonili@irs.gov,cVN3zI5uoG
aashurstlj,mabelelj@wix.com,PGTmaKBKF0i5
vsnashalllk,jrawetlk@statcounter.com,Z51CrwcKHvM
jcribbinsll,cabramofll@g.co,9nbU0WhBzK
speperelllm,ldownerlm@canalblog.com,Kz7hasx
bskaifeln,mjessupln@google.es,jxO4w8xU
aackwoodlo,pkeizmanlo@weibo.com,12MllWr9QFij
wivashintsovlp,rvinelp@cocolog-nifty.com,fR9IEpk
hcapseylq,cfurzeylq@posterous.com,DGZYZ19zo1
fnorringtonlr,gcolinlr@twitpic.com,IO4vi0m
msouthersls,edomleols@typepad.com,qDxgg0UQN
fclealllt,acamblinglt@wordpress.org,2nTjmyX
sgreenawaylu,severestlu@t.co,P4gJaYegLu3f
cduncansonlv,mholtumlv@hexun.com,dmxGPVn
bnapoleonlw,krallinlw@pinterest.com,qpEheSQU9iy
ppedrocchilx,ngerriessenlx@phpbb.com,1omx8rNur
kgutmanly,lpandiely@amazon.co.uk,0N6FdJNcXD
mconrathlz,tparkeslz@indiegogo.com,sD6NBNrMOM
jabbatuccim0,gpearceym0@auda.org.au,JZ00htko7f1U
scarlsenm1,cstonnellm1@nydailynews.com,m7PJRbV
alyttonm2,apottsm2@ihg.com,rIu0zEpY4sTG
kcatherickm3,thodginm3@who.int,rwv5NM1
hgiffordm4,cplaisterm4@deviantart.com,7TDFZnC9EU44
aossipenkom5,syexleym5@sina.com.cn,jDKdjLEv5
lwinthropm6,vpennellsm6@youtu.be,AVaVw23i
jmacconaghym7,bbritlandm7@xing.com,cieqrE
ftissierm8,ftaklem8@oracle.com,Cwyq9HpZv
cstrandm9,doranm9@mlb.com,qzrVTxMU9vkt
cjancicma,tmargettsma@blogspot.com,Qex458tD
jbaldoccimb,ddelacourtmb@linkedin.com,bMknEkvYX6
sstanistreetmc,wgreschikmc@usda.gov,ZQF7oZ9SrNF
mcavesmd,ebruhnkemd@networksolutions.com,0br3GG
bwestwellme,atolletme@reuters.com,FQoy0KOt
xhurlmf,aruddlesdenmf@php.net,uHov1FPo
dslocumbmg,aellershawmg@list-manage.com,wzhmZjszJ
apoyntermh,nlebretonmh@behance.net,RyvG4eWD
aabbesmi,hredmaynemi@wiley.com,jOvADW9p6
gschermickmj,estychemj@theglobeandmail.com,hBPZo9o
sjonesmk,gmclanachanmk@ucsd.edu,tb9IBQmZ
cdommerqueml,ddongallml@toplist.cz,rW7Tse
lwheelikermm,apresdeemm@last.fm,kshgMPd6avdo
twhistonmn,hdommettmn@merriam-webster.com,q2WXIvK
asalwaymo,rrasellesmo@stanford.edu,4oAcCd6
nwinhammp,ljanawaymp@php.net,tpgGBY2
lmussettimq,aoganmq@telegraph.co.uk,xIudNONaIw
vcraymr,afleggmr@amazon.co.jp,WBlRxP
nsimisterms,gkilloughms@phpbb.com,FenCcGi3E
gespinamt,fbrandtsmt@acquirethisname.com,8qeNDSI
uscotchfordmu,barnaudonmu@intel.com,rB1lGohsv9u
rmcbriermv,slonglandmv@infoseek.co.jp,rUAgCbJunvif
gknowlesmw,jlortzmw@blinklist.com,Eh0gfbLk20
cteesdalemx,pprandonimx@sbwire.com,JVs5qX8DSDbZ
hwhitewoodmy,cliddelmy@gnu.org,2fbCJb
kerringtonmz,apearseymz@china.com.cn,vrm33kW
jhigginbottamn0,jromainesn0@sciencedirect.com,MjpC6xr6vEW
jhellmern1,tpennettan1@dmoz.org,Vy4ALKGDb
pregisn2,echampneysn2@purevolume.com,z1bw2Nje
ehamberstonen3,cjurczakn3@umn.edu,gXeOzjS0R0
bsweetmann4,amccalistern4@bravesites.com,NLFNQxZU8u5
kdorricottn5,zpassmoren5@list-manage.com,fkW1zn
htoyern6,bdenhamn6@nih.gov,8rTb1V
cewdalen7,jpetracekn7@amazon.de,K0WK8jl2XT
ejunkinn8,asoniern8@businessweek.com,QqYztgQ1L
jrushburyn9,hknoxn9@51.la,ZuJGBGq0
sdelongna,mosbournena@gizmodo.com,yniU3DY4L4G
dbuggnb,baleixonb@answers.com,wdrdsT
czylbermannnc,rdampnc@shareasale.com,iuAGivsLIj
rstooknd,schessilnd@skyrock.com,5vIuN3
rstearnene,bfyldesne@zimbio.com,AKOKdFC7YxLN
tabendrothnf,vbianconf@miibeian.gov.cn,UUd4vA6RUEtG
gdurtnallng,dfaircliffng@webnode.com,B11juqSnhMV9
dbleslinh,tdraynnh@themeforest.net,U3T1NSFoE27U
flunoni,tponcefordni@sohu.com,D1vGidI5
shindmoornj,jkettonnj@clickbank.net,VOJFfB
mthornhillnk,mnendicknk@homestead.com,FU743pv9
hdingatenl,ptumbeltynl@examiner.com,TXqXytyVRh
dpoytherasnm,etattersdillnm@devhub.com,UjyvUhVU7nr
sgammelnn,lcarluccionn@i2i.jp,Y2zbQH
dstraunno,ewhitechurchno@webnode.com,7hXqO6Y
sstuddalnp,gguideranp@youku.com,xF323tjHH
kscotsonnq,hforstallnq@mapquest.com,dHTgUDzQ
eeverixnr,wswanwicknr@berkeley.edu,jldWl8VBGfRu
awinsomns,sdunsns@skype.com,9gyRQRIyoj
jbrendekent,gsmallcombnt@businessweek.com,Pg5awq8hCM2
sblinckhornenu,aavrahamynu@issuu.com,uLd43Ao
rovingtonnv,ehatreynv@earthlink.net,umPdY5on
spertnw,zrednw@canalblog.com,nrv6xSF
abreazeallnx,rruddinnx@drupal.org,4m2oFro
bmullearyny,hcasacchiany@pbs.org,ydh8Kt3ns3C1
bancellnz,ecicchettonz@wiley.com,f2XggVWUM7t
tpleasanceo0,mkeaseyo0@ucla.edu,83LhD3B
fflorentineo1,dpoutono1@blogspot.com,mbYPPpQx
tlunoo2,jbaxstairo2@yahoo.com,WrXo0Y0s6s
cmatonino3,lcontio3@redcross.org,Yb322uOQGJ
chaineso4,fhamlyo4@ocn.ne.jp,tdHjvJxLiiZM
hmcfaello5,rhrishanoko5@flavors.me,iAE5stpqG7
dnanoo6,lspinleyo6@wufoo.com,QwMn3571Lu0F
mrichlyo7,dtrewinnardo7@digg.com,MZ3BgqmeKOZV
cbillisono8,rcoastero8@joomla.org,XJlwMlxPQ
hthompsono9,mkordovao9@paginegialle.it,dl46rUY
khuntingtonoa,tmaddamsoa@i2i.jp,8ltyyGK2wV02
cscottiniob,yduboisob@privacy.gov.au,bkx1aciP
awulfingeroc,pwilkesoc@blinklist.com,Cp1lmO
mbraggintonod,jloransod@instagram.com,WwjEfkHq
lumplebyoe,mbebbelloe@webeden.co.uk,DfbeLwSqQ
emingardof,dmckeaof@upenn.edu,iq724gk7
wearthfieldog,mwaslingog@nhs.uk,R21UsU9
aperingoh,singlesonoh@wikia.com,vk03NVID2x
cserotoi,tpacheoi@yellowpages.com,D735fAf4c
dtuftoj,araynesoj@ocn.ne.jp,0k1yv76DGJ
tcabreraok,moneilok@intel.com,zwluiP
byearbyol,jrayerol@homestead.com,4ctDLU
jfillanom,apenielloom@51.la,OebKbWhM
bwoodwardon,lsapshedon@netscape.com,fMTg6IS
lmitrovicoo,mmcilhoneoo@tinyurl.com,onb2sWuo2sj
scoiteop,ndempsterop@irs.gov,ezmG0rmc4
sbampkinoq,awinspuroq@purevolume.com,Fzr4IfIXkxQt
ghallenor,cpaddingdonor@comsenz.com,D9jtQxz8xMcd
aoreillyos,mwaszczykowskios@redcross.org,Wwx1ds
gbiskupekot,iwieprechtot@topsy.com,8198giib
cbeldersonou,toswickou@google.fr,N28uPRp8CCXo
cnowakowskiov,lfenelowov@infoseek.co.jp,0L5UB2
ahauxwellow,pgosslingow@uol.com.br,4G6xh6mxHN
cpesterfieldox,amacailineox@example.com,H2RA9E
dgiacomioy,dwillbondoy@merriam-webster.com,59R1CNyf
tgilhoolieoz,tsheatheroz@fotki.com,HF1tdK34Cg
dbramep0,soscullyp0@elegantthemes.com,W80H94O22
vyushkinp1,neliazp1@e-recht24.de,K9moan
sbecarrap2,atanserp2@shareasale.com,UhvnFcvhuc6
pgangep3,lmclayp3@cyberchimps.com,z8wlVkuCEfsL
ktiptonp4,lscarsbrookp4@domainmarket.com,ywUQ8PDf
ihardawayp5,dstollwerckp5@google.de,wi1mOfK
shoulsonp6,tmorehallp6@kickstarter.com,iWzsFmx
amatteonip7,bpitkaithlyp7@digg.com,Z2Mpl5jBH5bD
ygonnellyp8,wgaffneyp8@howstuffworks.com,LPjOY7ism
asportonp9,sfilipp9@nsw.gov.au,9wqFKdczF63n
kquenbypa,swabersinkepa@reddit.com,UC5Nab8Tkvzr
dwydpb,amitchenerpb@themeforest.net,3EfsfE7DFV0i
jcornillpc,dtruscottpc@army.mil,pSekXmLto
epinsonpd,jhaycroftpd@networksolutions.com,4mmSnRyaXCh
tkettlesingpe,dempspe@tinyurl.com,niBT9j
idanaherpf,wloveringpf@tinypic.com,SO0Jk1Lwk1Lr
tkapelhoffpg,amcshanepg@skyrock.com,36z5zqt
cdelhayph,nbeethamph@wp.com,JF8hVP
ilogiepi,sandreixpi@livejournal.com,XKahFtqW9lA
iparsellpj,bbannerpj@xinhuanet.com,4aYqDfL3DGlq
jseggespk,yheyballpk@google.com.hk,s1D2PqE
amathewspl,cwarnepl@webmd.com,tDmk2TXwan
rmcurepm,cjanicijevicpm@stanford.edu,uIXHUK759Ufr
fillidgepn,bfurmstonpn@msu.edu,t1fB8u
sbrownriggpo,jmiramspo@yellowpages.com,3t3NQynRh3xt
bdegoypp,bgrzeszczakpp@google.com,df6I7Clull2N
cguerreropq,hspinellipq@whitehouse.gov,4JPG8Bg
tspeendenpr,istirruppr@smugmug.com,CI3rQDD4o
hhartoppps,tleytonps@msu.edu,xcKGEx4Li8y
rfearspt,rraynespt@nhs.uk,UUWxt9QI
mhardingepu,bathypu@nba.com,n7NV5X0uGDCA
ksoarespv,mlatehousepv@lycos.com,0fhbQHI
rgrumellpw,jsainsburypw@mediafire.com,uYQ9TREsqD9
lgracepx,jbrimicombepx@google.cn,T4w1rim1Yh
tinklespy,tmurrpy@house.gov,KdFRLg61G5
eaumerlepz,ghumpatchpz@etsy.com,1akusZ
pmcgarelq0,pokenfoldq0@columbia.edu,gq1GFvC
bmccleanq1,dgarberq1@google.pl,ayHjfndiN1HE
dscottiniq2,jmowsonq2@deliciousdays.com,GBVD8BiABP
dcoursorq3,mlabellq3@indiegogo.com,46Z0lfTpsP
rgwilliamq4,rlegriceq4@who.int,QGyskFW
djeckellsq5,ttrainq5@ask.com,Sp6iyHmDw6V
fmatevushevq6,lalwinq6@google.ca,VyxD06fdou
ghaltonq7,athebeaudq7@dot.gov,5PXTR7Q5qiH
rgoeringq8,achamneyq8@geocities.jp,YPmnFZ0PTP
alipyeatq9,bnellesq9@paypal.com,d5mKRbUAZO0
scalladineqa,dgrigautqa@amazon.de,7ObH6X
agreenleyqb,lguielqb@army.mil,PGe9HzUi
nbadamqc,scrinsonqc@cisco.com,am7wRf6Pzt
plarensonqd,dmannockqd@wired.com,IlQPKE
jfitterqe,sziehmqe@people.com.cn,8WCOMUWAH3HW
lwoottonqf,cemburyqf@homestead.com,cstft9xL5
nwrathallqg,dsurguineqg@rakuten.co.jp,dqonpxRUY
fsimkissqh,creardenqh@biglobe.ne.jp,nzqMjQCPkz
fgotcliffeqi,rgringleyqi@slate.com,rfTu5aL9K
upanchinqj,godonoghueqj@theguardian.com,QGg39dF
wmcbradyqk,tishakiqk@msu.edu,V2aXpbJ
mrivittql,tjoslowql@seesaa.net,eVCyGTmJ8QN
kchippqm,mdutteridgeqm@hatena.ne.jp,h1IldhH5
bbreederqn,zgarriqueqn@gnu.org,Yh9aRTywYG
jthoresbieqo,jhebbleqo@imdb.com,EToAMeTc3F
hcartmellqp,vmastersqp@aol.com,cWkzoigNT9
rdominichettiqq,jfauloqq@chicagotribune.com,81VNRh
mschiesterlqr,wmadgewickqr@mysql.com,yBaG0LB0
kreinardqs,ddowellqs@vistaprint.com,KaXRnh9
cgoudeqt,bwaseqt@woothemes.com,nTWo6u
jfahyqu,tmerrisonqu@shinystat.com,9FuQNqfR8Cm
tgerbelqv,kgostykeqv@craigslist.org,dL6Pt5vG
llebarreeqw,akincaidqw@youtu.be,WFmflY2vHPYC
gtreesqx,kchalcraftqx@earthlink.net,ItgjCs
sseeleyqy,eriddqy@msu.edu,a3rlKYNg
aclulowqz,sallberryqz@dion.ne.jp,5Oa1fg
kdolmanr0,vboerderr0@ucoz.com,wztf2lt6V4HE
hdunnettr1,sstallenr1@123-reg.co.uk,vR9seqm09
gwenmanr2,ahammellr2@stumbleupon.com,0juhLCP5
spenasr3,amckendor3@hostgator.com,I2LISiynDX
jmcleodr4,afrowenr4@altervista.org,noH36cdI
giannettir5,gstormr5@usgs.gov,G2kMuvg1OT
cchomickir6,ckondratenkor6@macromedia.com,DGWKJXKrry19
smcbainr7,mgrigolettir7@sphinn.com,MvifCBL
ldealmeidar8,pklemenzr8@ameblo.jp,Kh4tJ6Jf6Iw
sraisonr9,otousonr9@youku.com,v7CIHK
gmorphetra,njenkersonra@4shared.com,agoRWnM
ekarlikrb,jdavsleyrb@ow.ly,yLJTOGB
gfroschrc,dmahargrc@purevolume.com,XLEbTOd5Wv0
kwendoverrd,jwitterickrd@umn.edu,tECvlfF
scastagnore,rsautterre@columbia.edu,Sf0qn2DDBx5m
dbailrf,rerrichirf@pen.io,wXSReWXk77
gginnellyrg,nlattierg@over-blog.com,NqVQkfO7Y
tscamadenrh,hgreerrh@51.la,Q4jdgAz
pexerri,csabenri@bizjournals.com,tdNc4PfJ
bdematteisrj,lpringerrj@eepurl.com,iTuAun
lvasyaginrk,hrollandrk@list-manage.com,Dpb8xQASXn
rtrayterl,gwallenrl@printfriendly.com,T6nmr0E
kgreyesrm,aficerm@google.pl,e4VFxDy
mbiagirn,gshipwayrn@aol.com,RSKu0nSdhC
eslymero,sstopperro@macromedia.com,o6fiGDf
jgergrp,rrollinsrp@phoca.cz,JZvLNYZuei
sbolesmarq,mlindenbluthrq@ycombinator.com,Rdu1QDNkk
agotherrr,fsalzburgerrr@cisco.com,24KYEY5zi18
